Project ID,Status,Example ID,Bug Label,Property,Result,Detection Outcome,Target Contract,Spec,Code,Documentation,Incomplete Reason,Original Spec,Original Spec Lines,Original Contract,Original Contract Lines,Detection Intent
1,complete,5,S3-2,properDelay,VERIFIED,NO_FINDING,PolygonBridgeExecutor,results/spec/complete/1/5.spec,results/spec/complete/1/5.sol,results/spec/complete/1/5.md,,contracts/1/specs/PolygonBridge.spec,13;15;16;67-68,contracts/1/contracts/bridges/BridgeExecutorBase.sol,17-26;135-163;183-210;243-266;383-386,Detect an invalid delay value outside the configured minimum/maximum bounds.
1,incomplete,2,S3-2,actionNotCanceledAndExecuted,VERIFIED,NO_FINDING,PolygonBridgeExecutor,results/spec/incomplete/1/2.spec,results/spec/incomplete/1/2.sol,results/spec/incomplete/1/2.md,results/spec/incomplete/1/2.txt,contracts/1/specs/PolygonBridge.spec,30;31;70-71,contracts/1/contracts/interfaces/IExecutorBase.sol; contracts/1/contracts/bridges/BridgeExecutorBase.sol,27-57 | 28-33;82-132;223-241,Detect an action set being simultaneously marked canceled and executed.
1,incomplete,3,S3-2,notCanceledNotExecuted,NOT_STATED,NOT_STATED,PolygonBridgeExecutor,results/spec/incomplete/1/3.spec,results/spec/incomplete/1/3.sol,results/spec/incomplete/1/3.md,results/spec/incomplete/1/3.txt,contracts/1/specs/PolygonBridge.spec,22;30;31;73-79,contracts/1/contracts/interfaces/IExecutorBase.sol; contracts/1/contracts/bridges/BridgeExecutorBase.sol,27-57 | 28-33;82-132;223-241,Preserve the fresh-action-set condition that a new ID is neither canceled nor executed.
1,complete,6,S3-2,minDelayLtMaxDelay,NOT_STATED,NOT_STATED,PolygonBridgeExecutor,results/spec/complete/1/6.spec,results/spec/complete/1/6.sol,results/spec/complete/1/6.md,,contracts/1/specs/PolygonBridge.spec,15;16;81-82,contracts/1/contracts/bridges/BridgeExecutorBase.sol,17-26;135-163;183-210;243-266;383-386,Detect inconsistent delay bounds where the minimum exceeds the maximum.
1,complete,1,S5-1,whoChangedStateVariables,VERIFIED,NO_FINDING,PolygonBridgeExecutor,results/spec/complete/1/1.spec,results/spec/complete/1/1.sol,results/spec/complete/1/1.md,,contracts/1/specs/PolygonBridge.spec,13;14;15;16;17;34;85-112,contracts/1/contracts/bridges/BridgeExecutorBase.sol,17-26;135-163;183-210;243-266;383-386,Detect unauthorized mutation of privileged executor configuration state.
1,complete,1,S3-2,whoChangedStateVariables,VERIFIED,NO_FINDING,PolygonBridgeExecutor,results/spec/complete/1/1.spec,results/spec/complete/1/1.sol,results/spec/complete/1/1.md,,contracts/1/specs/PolygonBridge.spec,13;14;15;16;17;34;85-112,contracts/1/contracts/bridges/BridgeExecutorBase.sol,17-26;135-163;183-210;243-266;383-386,Detect unauthorized mutation of privileged executor configuration state.
1,complete,7,S3-2,queueDoesntModifyStateVariables,VERIFIED,NO_FINDING,PolygonBridgeExecutor,results/spec/complete/1/7.spec,results/spec/complete/1/7.sol,results/spec/complete/1/7.md,,contracts/1/specs/PolygonBridge.spec,13;14;15;16;17;32;116-145,contracts/1/contracts/bridges/BridgeExecutorBase.sol; contracts/1/contracts/bridges/PolygonBridgeExecutor.sol,17-33;183-210;277-334 | 37-43;69-89,Detect queueing unexpectedly changing executor configuration variables.
1,complete,8,S3-2,queueCannotCancel,VERIFIED,NO_FINDING,PolygonBridgeExecutor,results/spec/complete/1/8.spec,results/spec/complete/1/8.sol,results/spec/complete/1/8.md,,contracts/1/specs/PolygonBridge.spec,23;32;150-159,contracts/1/contracts/interfaces/IExecutorBase.sol; contracts/1/contracts/bridges/BridgeExecutorBase.sol; contracts/1/contracts/bridges/PolygonBridgeExecutor.sol,27-57 | 28-33;223-241;277-334 | 37-43;69-89,Detect queueing unexpectedly canceling an existing action set.
1,incomplete,4,S3-2,executeCannotCancel,VERIFIED,NO_FINDING,PolygonBridgeExecutor,results/spec/incomplete/1/4.spec,results/spec/incomplete/1/4.sol,results/spec/incomplete/1/4.md,results/spec/incomplete/1/4.txt,contracts/1/specs/PolygonBridge.spec,17;23;34;162-175,contracts/1/contracts/bridges/BridgeExecutorBase.sol,35-41;82-132;223-241,Detect execution of one action set unexpectedly canceling another action set.
1,incomplete,5,S2-3,noIncarnations1,NOT_STATED,NOT_STATED,PolygonBridgeExecutor,results/spec/incomplete/1/5.spec,results/spec/incomplete/1/5.sol,results/spec/incomplete/1/5.md,results/spec/incomplete/1/5.txt,contracts/1/specs/PolygonBridge.spec,22;23;30;31;32;73-79;183-193,contracts/1/contracts/interfaces/IExecutorBase.sol; contracts/1/contracts/bridges/BridgeExecutorBase.sol; contracts/1/contracts/bridges/PolygonBridgeExecutor.sol,27-57 | 28-33;223-241;277-334 | 37-43;69-89,Establish that a newly allocated action-set ID becomes queued and advances the counter.
1,complete,9,S2-3,noIncarnations2,NOT_STATED,NOT_STATED,PolygonBridgeExecutor,results/spec/complete/1/9.spec,results/spec/complete/1/9.sol,results/spec/complete/1/9.md,,contracts/1/specs/PolygonBridge.spec,23;34;198-203,contracts/1/contracts/interfaces/IExecutorBase.sol; contracts/1/contracts/bridges/BridgeExecutorBase.sol,27-57 | 82-107;223-241;336-367,Detect an executed action-set ID becoming queued again.
1,complete,10,S2-3,noIncarnations3,NOT_STATED,NOT_STATED,PolygonBridgeExecutor,results/spec/complete/1/10.spec,results/spec/complete/1/10.sol,results/spec/complete/1/10.md,,contracts/1/specs/PolygonBridge.spec,22;23;32;209-217,contracts/1/contracts/interfaces/IExecutorBase.sol; contracts/1/contracts/bridges/BridgeExecutorBase.sol; contracts/1/contracts/bridges/PolygonBridgeExecutor.sol,27-57 | 28-33;223-241;277-334 | 37-43;69-89,Detect reuse/reincarnation of a historical non-queued action-set ID after a new queue operation.
1,complete,11,S3-2,executedForever,VERIFIED,NO_FINDING,PolygonBridgeExecutor,results/spec/complete/1/11.spec,results/spec/complete/1/11.sol,results/spec/complete/1/11.md,,contracts/1/specs/PolygonBridge.spec,23;34;224-231,contracts/1/contracts/interfaces/IExecutorBase.sol; contracts/1/contracts/bridges/BridgeExecutorBase.sol,27-57 | 82-107;223-241;336-367,Detect an executed action set leaving the executed state after another method call.
1,complete,12,S3-2,canceledForever,VERIFIED,NO_FINDING,PolygonBridgeExecutor,results/spec/complete/1/12.spec,results/spec/complete/1/12.sol,results/spec/complete/1/12.md,,contracts/1/specs/PolygonBridge.spec,23;34;233-240,contracts/1/contracts/interfaces/IExecutorBase.sol; contracts/1/contracts/bridges/BridgeExecutorBase.sol,27-57 | 28-33;82-132;223-241,Detect a canceled action set leaving the canceled state after another method call.
1,complete,13,S3-2,expiredForever,VERIFIED,NO_FINDING,PolygonBridgeExecutor,results/spec/complete/1/13.spec,results/spec/complete/1/13.sol,results/spec/complete/1/13.md,,contracts/1/specs/PolygonBridge.spec,14;23;34;242-260,contracts/1/contracts/interfaces/IExecutorBase.sol; contracts/1/contracts/bridges/BridgeExecutorBase.sol,27-57 | 17-26;135-163;223-266,Detect an expired action set unexpectedly leaving the expired state.
1,incomplete,6,S3-1,queuedStateConsistency,VERIFIED,NO_FINDING,PolygonBridgeExecutor,results/spec/incomplete/1/6.spec,results/spec/incomplete/1/6.sol,results/spec/incomplete/1/6.md,results/spec/incomplete/1/6.txt,contracts/1/specs/PolygonBridge.spec,22;23;30;31;32;73-79;264-272,contracts/1/contracts/interfaces/IExecutorBase.sol; contracts/1/contracts/bridges/BridgeExecutorBase.sol; contracts/1/contracts/bridges/PolygonBridgeExecutor.sol,27-57 | 28-33;223-241;277-334 | 37-43;69-89,Detect a newly queued action set failing to enter the queued state.
1,complete,2,S3-1,queuedChangedCounter,VERIFIED,NO_FINDING,PolygonBridgeExecutor,results/spec/complete/1/2.spec,results/spec/complete/1/2.sol,results/spec/complete/1/2.md,,contracts/1/specs/PolygonBridge.spec,22;32;275-284,contracts/1/contracts/bridges/BridgeExecutorBase.sol; contracts/1/contracts/bridges/PolygonBridgeExecutor.sol,28-33;208-211;277-334 | 37-43;69-89,Detect a missing or incorrect action-set counter increment after queueing.
1,incomplete,7,S3-2,onlyCancelCanCancel,VERIFIED,NO_FINDING,PolygonBridgeExecutor,results/spec/incomplete/1/7.spec,results/spec/incomplete/1/7.sol,results/spec/incomplete/1/7.md,results/spec/incomplete/1/7.txt,contracts/1/specs/PolygonBridge.spec,17;23;34;288-300,contracts/1/contracts/interfaces/IExecutorBase.sol; contracts/1/contracts/bridges/BridgeExecutorBase.sol,27-57 | 35-41;109-132;223-241;369-381,Detect a method other than cancel changing an action set into the canceled state.
1,complete,14,S3-2,cancelExclusive,VERIFIED,NO_FINDING,PolygonBridgeExecutor,results/spec/complete/1/14.spec,results/spec/complete/1/14.sol,results/spec/complete/1/14.md,,contracts/1/specs/PolygonBridge.spec,23;303-311,contracts/1/contracts/interfaces/IExecutorBase.sol; contracts/1/contracts/bridges/BridgeExecutorBase.sol,27-57 | 35-41;109-132;223-241;369-381,Detect cancellation of one action set changing the state of a different action set.
1,complete,15,S3-2,whoChangesActionsSetState,NOT_STATED,NOT_STATED,PolygonBridgeExecutor,results/spec/complete/1/15.spec,results/spec/complete/1/15.sol,results/spec/complete/1/15.md,,contracts/1/specs/PolygonBridge.spec,23;34;314-325,contracts/1/contracts/interfaces/IExecutorBase.sol; contracts/1/contracts/bridges/BridgeExecutorBase.sol,27-57 | 28-33;82-132;223-241,Identify unexpected action-set state changes caused by non-view methods.
1,complete,16,S5-2,holdYourHorses,VERIFIED,NO_FINDING,PolygonBridgeExecutor,results/spec/complete/1/16.spec,results/spec/complete/1/16.sol,results/spec/complete/1/16.md,,contracts/1/specs/PolygonBridge.spec,13;22;32;34;328-338,contracts/1/contracts/bridges/BridgeExecutorBase.sol; contracts/1/contracts/bridges/PolygonBridgeExecutor.sol,17-20;82-107;183-190;277-334 | 37-43;69-89,Detect execution succeeding immediately even though a positive timelock delay is configured.
1,complete,17,S3-2,executedValidTransition1,VERIFIED,NO_FINDING,PolygonBridgeExecutor,results/spec/complete/1/17.spec,results/spec/complete/1/17.sol,results/spec/complete/1/17.md,,contracts/1/specs/PolygonBridge.spec,23;34;342-353,contracts/1/contracts/interfaces/IExecutorBase.sol; contracts/1/contracts/bridges/BridgeExecutorBase.sol,27-57 | 82-107;223-241;336-367,Detect a method other than execute causing a queued-to-executed state transition.
1,complete,18,S3-2,executedValidTransition2,VERIFIED,NO_FINDING,PolygonBridgeExecutor,results/spec/complete/1/18.spec,results/spec/complete/1/18.sol,results/spec/complete/1/18.md,,contracts/1/specs/PolygonBridge.spec,23;34;357-366,contracts/1/contracts/interfaces/IExecutorBase.sol; contracts/1/contracts/bridges/BridgeExecutorBase.sol,27-57 | 82-107;223-241;336-367,Detect execute changing the wrong action-set ID or failing the expected queued-to-executed transition.
1,complete,19,S5-2,executeFailsIfExpired,VERIFIED,NO_FINDING,PolygonBridgeExecutor,results/spec/complete/1/19.spec,results/spec/complete/1/19.sol,results/spec/complete/1/19.md,,contracts/1/specs/PolygonBridge.spec,23;34;369-376,contracts/1/contracts/interfaces/IExecutorBase.sol; contracts/1/contracts/bridges/BridgeExecutorBase.sol,27-57 | 82-107;223-241;336-367,Detect execution succeeding when the action set is already expired.
1,incomplete,8,S5-2,executeRevertsBeforeDelay,VERIFIED,NO_FINDING,PolygonBridgeExecutor,results/spec/incomplete/1/8.spec,results/spec/incomplete/1/8.sol,results/spec/incomplete/1/8.md,results/spec/incomplete/1/8.txt,contracts/1/specs/PolygonBridge.spec,13;22;24;32;34;56-62;380-400,contracts/1/contracts/bridges/BridgeExecutorBase.sol; contracts/1/contracts/bridges/PolygonBridgeExecutor.sol,17-26;82-107;135-163;277-334 | 37-43;69-89,Detect execution before the delay or mutation of a queued action set execution time.
1,complete,20,S2-3,sameExecutionTimesReverts,VERIFIED,NO_FINDING,PolygonBridgeExecutor,results/spec/complete/1/20.spec,results/spec/complete/1/20.sol,results/spec/complete/1/20.md,,contracts/1/specs/PolygonBridge.spec,13;32;405-426,contracts/1/contracts/bridges/BridgeExecutorBase.sol; contracts/1/contracts/bridges/PolygonBridgeExecutor.sol,17-33;135-163;239-241;277-334 | 37-43;69-89,Detect duplicate action identity when equal action sets obtain the same execution time.
1,complete,3,S2-3,independentQueuedActions,VIOLATED,FINDING,PolygonBridgeExecutor,results/spec/complete/1/3.spec,results/spec/complete/1/3.sol,results/spec/complete/1/3.md,,contracts/1/specs/PolygonBridge.spec,13;32;34;56-62;429-453,contracts/1/contracts/bridges/BridgeExecutorBase.sol; contracts/1/contracts/bridges/PolygonBridgeExecutor.sol,17-33;135-163;239-241;277-334 | 37-43;69-89,Detect collisions between logically independent queued action sets in different blocks.
1,incomplete,9,S3-1,afterQueueHashQueued,NOT_STATED,NOT_STATED,PolygonBridgeExecutor,results/spec/incomplete/1/9.spec,results/spec/incomplete/1/9.sol,results/spec/incomplete/1/9.md,results/spec/incomplete/1/9.txt,contracts/1/specs/PolygonBridge.spec,22;25;32;457-470,contracts/1/contracts/bridges/BridgeExecutorBase.sol; contracts/1/contracts/bridges/PolygonBridgeExecutor.sol,28-33;239-241;277-334 | 37-43;69-89,Detect queueing failing to mark the corresponding action hash as queued.
1,incomplete,10,S5-2,onlyQueuedAreExecuted,NOT_STATED,NOT_STATED,PolygonBridgeExecutor,results/spec/incomplete/1/10.spec,results/spec/incomplete/1/10.sol,results/spec/incomplete/1/10.md,results/spec/incomplete/1/10.txt,contracts/1/specs/PolygonBridge.spec,17;25;34;476-490,contracts/1/contracts/bridges/BridgeExecutorBase.sol,28-33;82-107;239-241;336-381,Detect execution consuming an action hash that does not belong to the executed queued set.
1,complete,21,S2-3,actionDuplicate,VERIFIED,NO_FINDING,PolygonBridgeExecutor,results/spec/complete/1/21.spec,results/spec/complete/1/21.sol,results/spec/complete/1/21.md,,contracts/1/specs/PolygonBridge.spec,32;493-501,contracts/1/contracts/bridges/BridgeExecutorBase.sol; contracts/1/contracts/bridges/PolygonBridgeExecutor.sol,28-33;239-241;277-334 | 37-43;69-89,Detect acceptance of the same queued action arguments twice in the same execution context.
1,complete,22,UNMAPPED,processMessageFromRootReachability,NOT_STATED,NOT_STATED,PolygonBridgeExecutor,results/spec/complete/1/22.spec,results/spec/complete/1/22.sol,results/spec/complete/1/22.md,,contracts/1/specs/PolygonBridge.spec,32;504-510,contracts/1/contracts/bridges/BridgeExecutorBase.sol; contracts/1/contracts/bridges/PolygonBridgeExecutor.sol,277-334 | 37-43;69-89,Check reachability of the Polygon queue entrypoint.
1,complete,4,S5-3,queuePriviliged,VERIFIED,NO_FINDING,PolygonBridgeExecutor,results/spec/complete/1/4.spec,results/spec/complete/1/4.sol,results/spec/complete/1/4.md,,contracts/1/specs/PolygonBridge.spec,32;512-521,contracts/1/contracts/bridges/BridgeExecutorBase.sol; contracts/1/contracts/bridges/PolygonBridgeExecutor.sol,277-334 | 37-43;69-89,Detect unauthorized access to the privileged queue entrypoint.
1,complete,23,S5-3,cancelPriviliged,VERIFIED,NO_FINDING,PolygonBridgeExecutor,results/spec/complete/1/23.spec,results/spec/complete/1/23.sol,results/spec/complete/1/23.md,,contracts/1/specs/PolygonBridge.spec,523-532,contracts/1/contracts/bridges/BridgeExecutorBase.sol,35-41;109-132,Detect unauthorized access to the privileged cancel operation.
1,complete,24,S3-2,properDelay,VERIFIED,NO_FINDING,OptimismBridgeExecutor;ArbitrumBridgeExecutor,results/spec/complete/1/24.spec,results/spec/complete/1/24.sol,results/spec/complete/1/24.md,,contracts/1/specs/Optimism_ArbitrumBridge.spec,16;18;19;67-68,contracts/1/contracts/bridges/BridgeExecutorBase.sol,17-26;135-163;183-210;243-266;383-386,Detect an invalid delay value outside the configured minimum/maximum bounds.
1,incomplete,11,S3-2,actionNotCanceledAndExecuted,VERIFIED,NO_FINDING,OptimismBridgeExecutor;ArbitrumBridgeExecutor,results/spec/incomplete/1/11.spec,results/spec/incomplete/1/11.sol,results/spec/incomplete/1/11.md,results/spec/incomplete/1/11.txt,contracts/1/specs/Optimism_ArbitrumBridge.spec,31;32;70-71,contracts/1/contracts/interfaces/IExecutorBase.sol; contracts/1/contracts/bridges/BridgeExecutorBase.sol,27-57 | 28-33;82-132;223-241,Detect an action set being simultaneously marked canceled and executed.
1,incomplete,12,S3-2,notCanceledNotExecuted,NOT_STATED,NOT_STATED,OptimismBridgeExecutor;ArbitrumBridgeExecutor,results/spec/incomplete/1/12.spec,results/spec/incomplete/1/12.sol,results/spec/incomplete/1/12.md,results/spec/incomplete/1/12.txt,contracts/1/specs/Optimism_ArbitrumBridge.spec,21;31;32;73-79,contracts/1/contracts/interfaces/IExecutorBase.sol; contracts/1/contracts/bridges/BridgeExecutorBase.sol,27-57 | 28-33;82-132;223-241,Preserve the fresh-action-set condition that a new ID is neither canceled nor executed.
1,complete,25,S3-2,minDelayLtMaxDelay,NOT_STATED,NOT_STATED,OptimismBridgeExecutor;ArbitrumBridgeExecutor,results/spec/complete/1/25.spec,results/spec/complete/1/25.sol,results/spec/complete/1/25.md,,contracts/1/specs/Optimism_ArbitrumBridge.spec,18;19;81-82,contracts/1/contracts/bridges/BridgeExecutorBase.sol,17-26;135-163;183-210;243-266;383-386,Detect inconsistent delay bounds where the minimum exceeds the maximum.
1,complete,26,S5-1,whoChangedStateVariables,VERIFIED,NO_FINDING,OptimismBridgeExecutor;ArbitrumBridgeExecutor,results/spec/complete/1/26.spec,results/spec/complete/1/26.sol,results/spec/complete/1/26.md,,contracts/1/specs/Optimism_ArbitrumBridge.spec,16;17;18;19;20;34;85-112,contracts/1/contracts/bridges/BridgeExecutorBase.sol,17-26;135-163;183-210;243-266;383-386,Detect unauthorized mutation of privileged executor configuration state.
1,complete,26,S3-2,whoChangedStateVariables,VERIFIED,NO_FINDING,OptimismBridgeExecutor;ArbitrumBridgeExecutor,results/spec/complete/1/26.spec,results/spec/complete/1/26.sol,results/spec/complete/1/26.md,,contracts/1/specs/Optimism_ArbitrumBridge.spec,16;17;18;19;20;34;85-112,contracts/1/contracts/bridges/BridgeExecutorBase.sol,17-26;135-163;183-210;243-266;383-386,Detect unauthorized mutation of privileged executor configuration state.
1,incomplete,13,S3-2,queueDoesntModifyStateVariables,VERIFIED,NO_FINDING,OptimismBridgeExecutor;ArbitrumBridgeExecutor,results/spec/incomplete/1/13.spec,results/spec/incomplete/1/13.sol,results/spec/incomplete/1/13.md,results/spec/incomplete/1/13.txt,contracts/1/specs/Optimism_ArbitrumBridge.spec,16;17;18;19;20;30;116-145,contracts/1/contracts/bridges/BridgeExecutorBase.sol; contracts/1/contracts/bridges/L2BridgeExecutor.sol; contracts/1/contracts/bridges/OptimismBridgeExecutor.sol; contracts/1/contracts/bridges/ArbitrumBridgeExecutor.sol,17-33;183-210;277-334 | 18-21;44-53 | 18-26 | 14-19,Detect queueing unexpectedly changing executor configuration variables.
1,incomplete,14,S3-2,queueCannotCancel,VERIFIED,NO_FINDING,OptimismBridgeExecutor;ArbitrumBridgeExecutor,results/spec/incomplete/1/14.spec,results/spec/incomplete/1/14.sol,results/spec/incomplete/1/14.md,results/spec/incomplete/1/14.txt,contracts/1/specs/Optimism_ArbitrumBridge.spec,22;151-160,contracts/1/contracts/interfaces/IExecutorBase.sol; contracts/1/contracts/bridges/BridgeExecutorBase.sol; contracts/1/contracts/bridges/L2BridgeExecutor.sol; contracts/1/contracts/bridges/OptimismBridgeExecutor.sol; contracts/1/contracts/bridges/ArbitrumBridgeExecutor.sol,27-57 | 28-33;223-241;277-334 | 18-21;44-53 | 18-26 | 14-19,Detect queueing unexpectedly canceling an existing action set.
1,incomplete,15,S3-2,executeCannotCancel,VERIFIED,NO_FINDING,OptimismBridgeExecutor;ArbitrumBridgeExecutor,results/spec/incomplete/1/15.spec,results/spec/incomplete/1/15.sol,results/spec/incomplete/1/15.md,results/spec/incomplete/1/15.txt,contracts/1/specs/Optimism_ArbitrumBridge.spec,20;22;34;163-176,contracts/1/contracts/bridges/BridgeExecutorBase.sol,35-41;82-132;223-241,Detect execution of one action set unexpectedly canceling another action set.
1,incomplete,16,S2-3,noIncarnations1,NOT_STATED,NOT_STATED,OptimismBridgeExecutor;ArbitrumBridgeExecutor,results/spec/incomplete/1/16.spec,results/spec/incomplete/1/16.sol,results/spec/incomplete/1/16.md,results/spec/incomplete/1/16.txt,contracts/1/specs/Optimism_ArbitrumBridge.spec,21;22;31;32;73-79;184-194,contracts/1/contracts/interfaces/IExecutorBase.sol; contracts/1/contracts/bridges/BridgeExecutorBase.sol; contracts/1/contracts/bridges/L2BridgeExecutor.sol; contracts/1/contracts/bridges/OptimismBridgeExecutor.sol; contracts/1/contracts/bridges/ArbitrumBridgeExecutor.sol,27-57 | 28-33;223-241;277-334 | 18-21;44-53 | 18-26 | 14-19,Establish that a newly allocated action-set ID becomes queued and advances the counter.
1,complete,27,S2-3,noIncarnations2,NOT_STATED,NOT_STATED,OptimismBridgeExecutor;ArbitrumBridgeExecutor,results/spec/complete/1/27.spec,results/spec/complete/1/27.sol,results/spec/complete/1/27.md,,contracts/1/specs/Optimism_ArbitrumBridge.spec,22;34;199-204,contracts/1/contracts/interfaces/IExecutorBase.sol; contracts/1/contracts/bridges/BridgeExecutorBase.sol,27-57 | 82-107;223-241;336-367,Detect an executed action-set ID becoming queued again.
1,incomplete,17,S2-3,noIncarnations3,NOT_STATED,NOT_STATED,OptimismBridgeExecutor;ArbitrumBridgeExecutor,results/spec/incomplete/1/17.spec,results/spec/incomplete/1/17.sol,results/spec/incomplete/1/17.md,results/spec/incomplete/1/17.txt,contracts/1/specs/Optimism_ArbitrumBridge.spec,21;22;210-218,contracts/1/contracts/interfaces/IExecutorBase.sol; contracts/1/contracts/bridges/BridgeExecutorBase.sol; contracts/1/contracts/bridges/L2BridgeExecutor.sol; contracts/1/contracts/bridges/OptimismBridgeExecutor.sol; contracts/1/contracts/bridges/ArbitrumBridgeExecutor.sol,27-57 | 28-33;223-241;277-334 | 18-21;44-53 | 18-26 | 14-19,Detect reuse/reincarnation of a historical non-queued action-set ID after a new queue operation.
1,complete,28,S3-2,executedForever,VERIFIED,NO_FINDING,OptimismBridgeExecutor;ArbitrumBridgeExecutor,results/spec/complete/1/28.spec,results/spec/complete/1/28.sol,results/spec/complete/1/28.md,,contracts/1/specs/Optimism_ArbitrumBridge.spec,22;34;221-228,contracts/1/contracts/interfaces/IExecutorBase.sol; contracts/1/contracts/bridges/BridgeExecutorBase.sol,27-57 | 82-107;223-241;336-367,Detect an executed action set leaving the executed state after another method call.
1,complete,29,S3-2,canceledForever,VERIFIED,NO_FINDING,OptimismBridgeExecutor;ArbitrumBridgeExecutor,results/spec/complete/1/29.spec,results/spec/complete/1/29.sol,results/spec/complete/1/29.md,,contracts/1/specs/Optimism_ArbitrumBridge.spec,22;34;230-237,contracts/1/contracts/interfaces/IExecutorBase.sol; contracts/1/contracts/bridges/BridgeExecutorBase.sol,27-57 | 28-33;82-132;223-241,Detect a canceled action set leaving the canceled state after another method call.
1,complete,30,S3-2,expiredForever,VERIFIED,NO_FINDING,OptimismBridgeExecutor;ArbitrumBridgeExecutor,results/spec/complete/1/30.spec,results/spec/complete/1/30.sol,results/spec/complete/1/30.md,,contracts/1/specs/Optimism_ArbitrumBridge.spec,17;22;34;239-257,contracts/1/contracts/interfaces/IExecutorBase.sol; contracts/1/contracts/bridges/BridgeExecutorBase.sol,27-57 | 17-26;135-163;223-266,Detect an expired action set unexpectedly leaving the expired state.
1,incomplete,18,S3-1,queuedStateConsistency,VERIFIED,NO_FINDING,OptimismBridgeExecutor;ArbitrumBridgeExecutor,results/spec/incomplete/1/18.spec,results/spec/incomplete/1/18.sol,results/spec/incomplete/1/18.md,results/spec/incomplete/1/18.txt,contracts/1/specs/Optimism_ArbitrumBridge.spec,21;22;31;32;73-79;261-269,contracts/1/contracts/interfaces/IExecutorBase.sol; contracts/1/contracts/bridges/BridgeExecutorBase.sol; contracts/1/contracts/bridges/L2BridgeExecutor.sol; contracts/1/contracts/bridges/OptimismBridgeExecutor.sol; contracts/1/contracts/bridges/ArbitrumBridgeExecutor.sol,27-57 | 28-33;223-241;277-334 | 18-21;44-53 | 18-26 | 14-19,Detect a newly queued action set failing to enter the queued state.
1,incomplete,19,S3-1,queuedChangedCounter,VERIFIED,NO_FINDING,OptimismBridgeExecutor;ArbitrumBridgeExecutor,results/spec/incomplete/1/19.spec,results/spec/incomplete/1/19.sol,results/spec/incomplete/1/19.md,results/spec/incomplete/1/19.txt,contracts/1/specs/Optimism_ArbitrumBridge.spec,21;272-281,contracts/1/contracts/bridges/BridgeExecutorBase.sol; contracts/1/contracts/bridges/L2BridgeExecutor.sol; contracts/1/contracts/bridges/OptimismBridgeExecutor.sol; contracts/1/contracts/bridges/ArbitrumBridgeExecutor.sol,28-33;208-211;277-334 | 18-21;44-53 | 18-26 | 14-19,Detect a missing or incorrect action-set counter increment after queueing.
1,incomplete,20,S3-2,onlyCancelCanCancel,VERIFIED,NO_FINDING,OptimismBridgeExecutor;ArbitrumBridgeExecutor,results/spec/incomplete/1/20.spec,results/spec/incomplete/1/20.sol,results/spec/incomplete/1/20.md,results/spec/incomplete/1/20.txt,contracts/1/specs/Optimism_ArbitrumBridge.spec,20;22;34;285-297,contracts/1/contracts/interfaces/IExecutorBase.sol; contracts/1/contracts/bridges/BridgeExecutorBase.sol,27-57 | 35-41;109-132;223-241;369-381,Detect a method other than cancel changing an action set into the canceled state.
1,complete,31,S3-2,cancelExclusive,VERIFIED,NO_FINDING,OptimismBridgeExecutor;ArbitrumBridgeExecutor,results/spec/complete/1/31.spec,results/spec/complete/1/31.sol,results/spec/complete/1/31.md,,contracts/1/specs/Optimism_ArbitrumBridge.spec,22;300-308,contracts/1/contracts/interfaces/IExecutorBase.sol; contracts/1/contracts/bridges/BridgeExecutorBase.sol,27-57 | 35-41;109-132;223-241;369-381,Detect cancellation of one action set changing the state of a different action set.
1,complete,32,S3-2,whoChangesActionsSetState,NOT_STATED,NOT_STATED,OptimismBridgeExecutor;ArbitrumBridgeExecutor,results/spec/complete/1/32.spec,results/spec/complete/1/32.sol,results/spec/complete/1/32.md,,contracts/1/specs/Optimism_ArbitrumBridge.spec,22;34;311-322,contracts/1/contracts/interfaces/IExecutorBase.sol; contracts/1/contracts/bridges/BridgeExecutorBase.sol,27-57 | 28-33;82-132;223-241,Identify unexpected action-set state changes caused by non-view methods.
1,incomplete,21,S5-2,holdYourHorses,VERIFIED,NO_FINDING,OptimismBridgeExecutor;ArbitrumBridgeExecutor,results/spec/incomplete/1/21.spec,results/spec/incomplete/1/21.sol,results/spec/incomplete/1/21.md,results/spec/incomplete/1/21.txt,contracts/1/specs/Optimism_ArbitrumBridge.spec,16;21;34;325-335,contracts/1/contracts/bridges/BridgeExecutorBase.sol; contracts/1/contracts/bridges/L2BridgeExecutor.sol; contracts/1/contracts/bridges/OptimismBridgeExecutor.sol; contracts/1/contracts/bridges/ArbitrumBridgeExecutor.sol,17-20;82-107;183-190;277-334 | 18-21;44-53 | 18-26 | 14-19,Detect execution succeeding immediately even though a positive timelock delay is configured.
1,complete,33,S3-2,executedValidTransition1,VERIFIED,NO_FINDING,OptimismBridgeExecutor;ArbitrumBridgeExecutor,results/spec/complete/1/33.spec,results/spec/complete/1/33.sol,results/spec/complete/1/33.md,,contracts/1/specs/Optimism_ArbitrumBridge.spec,22;34;339-350,contracts/1/contracts/interfaces/IExecutorBase.sol; contracts/1/contracts/bridges/BridgeExecutorBase.sol,27-57 | 82-107;223-241;336-367,Detect a method other than execute causing a queued-to-executed state transition.
1,complete,34,S3-2,executedValidTransition2,VERIFIED,NO_FINDING,OptimismBridgeExecutor;ArbitrumBridgeExecutor,results/spec/complete/1/34.spec,results/spec/complete/1/34.sol,results/spec/complete/1/34.md,,contracts/1/specs/Optimism_ArbitrumBridge.spec,22;34;354-363,contracts/1/contracts/interfaces/IExecutorBase.sol; contracts/1/contracts/bridges/BridgeExecutorBase.sol,27-57 | 82-107;223-241;336-367,Detect execute changing the wrong action-set ID or failing the expected queued-to-executed transition.
1,complete,35,S5-2,executeFailsIfExpired,VERIFIED,NO_FINDING,OptimismBridgeExecutor;ArbitrumBridgeExecutor,results/spec/complete/1/35.spec,results/spec/complete/1/35.sol,results/spec/complete/1/35.md,,contracts/1/specs/Optimism_ArbitrumBridge.spec,22;34;366-373,contracts/1/contracts/interfaces/IExecutorBase.sol; contracts/1/contracts/bridges/BridgeExecutorBase.sol,27-57 | 82-107;223-241;336-367,Detect execution succeeding when the action set is already expired.
1,incomplete,22,S5-2,executeRevertsBeforeDelay,VERIFIED,NO_FINDING,OptimismBridgeExecutor;ArbitrumBridgeExecutor,results/spec/incomplete/1/22.spec,results/spec/incomplete/1/22.sol,results/spec/incomplete/1/22.md,results/spec/incomplete/1/22.txt,contracts/1/specs/Optimism_ArbitrumBridge.spec,16;21;24;34;56-62;377-397,contracts/1/contracts/bridges/BridgeExecutorBase.sol; contracts/1/contracts/bridges/L2BridgeExecutor.sol; contracts/1/contracts/bridges/OptimismBridgeExecutor.sol; contracts/1/contracts/bridges/ArbitrumBridgeExecutor.sol,17-26;82-107;135-163;277-334 | 18-21;44-53 | 18-26 | 14-19,Detect execution before the delay or mutation of a queued action set execution time.
1,incomplete,23,S2-3,sameExecutionTimesReverts,VERIFIED,NO_FINDING,OptimismBridgeExecutor;ArbitrumBridgeExecutor,results/spec/incomplete/1/23.spec,results/spec/incomplete/1/23.sol,results/spec/incomplete/1/23.md,results/spec/incomplete/1/23.txt,contracts/1/specs/Optimism_ArbitrumBridge.spec,16;30;402-423,contracts/1/contracts/bridges/BridgeExecutorBase.sol; contracts/1/contracts/bridges/L2BridgeExecutor.sol; contracts/1/contracts/bridges/OptimismBridgeExecutor.sol; contracts/1/contracts/bridges/ArbitrumBridgeExecutor.sol,17-33;135-163;239-241;277-334 | 18-21;44-53 | 18-26 | 14-19,Detect duplicate action identity when equal action sets obtain the same execution time.
1,incomplete,24,S2-3,independentQueuedActions,VIOLATED,FINDING,OptimismBridgeExecutor;ArbitrumBridgeExecutor,results/spec/incomplete/1/24.spec,results/spec/incomplete/1/24.sol,results/spec/incomplete/1/24.md,results/spec/incomplete/1/24.txt,contracts/1/specs/Optimism_ArbitrumBridge.spec,16;30;34;56-62;426-450,contracts/1/contracts/bridges/BridgeExecutorBase.sol; contracts/1/contracts/bridges/L2BridgeExecutor.sol; contracts/1/contracts/bridges/OptimismBridgeExecutor.sol; contracts/1/contracts/bridges/ArbitrumBridgeExecutor.sol,17-33;135-163;239-241;277-334 | 18-21;44-53 | 18-26 | 14-19,Detect collisions between logically independent queued action sets in different blocks.
1,incomplete,25,S3-1,afterQueueHashQueued,NOT_STATED,NOT_STATED,OptimismBridgeExecutor;ArbitrumBridgeExecutor,results/spec/incomplete/1/25.spec,results/spec/incomplete/1/25.sol,results/spec/incomplete/1/25.md,results/spec/incomplete/1/25.txt,contracts/1/specs/Optimism_ArbitrumBridge.spec,21;25;454-467,contracts/1/contracts/bridges/BridgeExecutorBase.sol; contracts/1/contracts/bridges/L2BridgeExecutor.sol; contracts/1/contracts/bridges/OptimismBridgeExecutor.sol; contracts/1/contracts/bridges/ArbitrumBridgeExecutor.sol,28-33;239-241;277-334 | 18-21;44-53 | 18-26 | 14-19,Detect queueing failing to mark the corresponding action hash as queued.
1,incomplete,26,S5-2,onlyQueuedAreExecuted,NOT_STATED,NOT_STATED,OptimismBridgeExecutor;ArbitrumBridgeExecutor,results/spec/incomplete/1/26.spec,results/spec/incomplete/1/26.sol,results/spec/incomplete/1/26.md,results/spec/incomplete/1/26.txt,contracts/1/specs/Optimism_ArbitrumBridge.spec,20;25;34;473-487,contracts/1/contracts/bridges/BridgeExecutorBase.sol,28-33;82-107;239-241;336-381,Detect execution consuming an action hash that does not belong to the executed queued set.
1,incomplete,27,S2-3,actionDuplicate,VERIFIED,NO_FINDING,OptimismBridgeExecutor;ArbitrumBridgeExecutor,results/spec/incomplete/1/27.spec,results/spec/incomplete/1/27.sol,results/spec/incomplete/1/27.md,results/spec/incomplete/1/27.txt,contracts/1/specs/Optimism_ArbitrumBridge.spec,490-498,contracts/1/contracts/bridges/BridgeExecutorBase.sol; contracts/1/contracts/bridges/L2BridgeExecutor.sol; contracts/1/contracts/bridges/OptimismBridgeExecutor.sol; contracts/1/contracts/bridges/ArbitrumBridgeExecutor.sol,28-33;239-241;277-334 | 18-21;44-53 | 18-26 | 14-19,Detect acceptance of the same queued action arguments twice in the same execution context.
1,incomplete,28,UNMAPPED,queue2Reachability,NOT_STATED,NOT_STATED,OptimismBridgeExecutor;ArbitrumBridgeExecutor,results/spec/incomplete/1/28.spec,results/spec/incomplete/1/28.sol,results/spec/incomplete/1/28.md,results/spec/incomplete/1/28.txt,contracts/1/specs/Optimism_ArbitrumBridge.spec,501-507,contracts/1/contracts/bridges/BridgeExecutorBase.sol; contracts/1/contracts/bridges/L2BridgeExecutor.sol; contracts/1/contracts/bridges/OptimismBridgeExecutor.sol; contracts/1/contracts/bridges/ArbitrumBridgeExecutor.sol,277-334 | 18-21;44-53 | 18-26 | 14-19,Check reachability of the simplified queue2 verification helper.
1,incomplete,1,S5-3,queuePriviliged,VERIFIED,NO_FINDING,OptimismBridgeExecutor;ArbitrumBridgeExecutor,results/spec/incomplete/1/1.spec,results/spec/incomplete/1/1.sol,results/spec/incomplete/1/1.md,results/spec/incomplete/1/1.txt,contracts/1/specs/Optimism_ArbitrumBridge.spec,509-518,contracts/1/contracts/bridges/BridgeExecutorBase.sol; contracts/1/contracts/bridges/L2BridgeExecutor.sol; contracts/1/contracts/bridges/OptimismBridgeExecutor.sol; contracts/1/contracts/bridges/ArbitrumBridgeExecutor.sol,277-334 | 18-21;44-53 | 18-26 | 14-19,Detect unauthorized access to the privileged queue entrypoint.
1,complete,36,S5-3,cancelPriviliged,VERIFIED,NO_FINDING,OptimismBridgeExecutor;ArbitrumBridgeExecutor,results/spec/complete/1/36.spec,results/spec/complete/1/36.sol,results/spec/complete/1/36.md,,contracts/1/specs/Optimism_ArbitrumBridge.spec,520-529,contracts/1/contracts/bridges/BridgeExecutorBase.sol,35-41;109-132,Detect unauthorized access to the privileged cancel operation.
1,incomplete,29,UNMAPPED,sanity,NOT_STATED,NOT_STATED,UNSPECIFIED,results/spec/incomplete/1/29.spec,results/spec/incomplete/1/29.sol,results/spec/incomplete/1/29.md,results/spec/incomplete/1/29.txt,contracts/1/specs/complexity.spec,3-9,,,Produce a reachability witness for arbitrary contract methods.
1,incomplete,30,UNMAPPED,noRevert,NOT_STATED,NOT_STATED,UNSPECIFIED,results/spec/incomplete/1/30.spec,results/spec/incomplete/1/30.sol,results/spec/incomplete/1/30.md,results/spec/incomplete/1/30.txt,contracts/1/specs/complexity.spec,18-26,,,Identify arbitrary methods that have reverting execution paths.
1,incomplete,31,UNMAPPED,alwaysRevert,NOT_STATED,NOT_STATED,UNSPECIFIED,results/spec/incomplete/1/31.spec,results/spec/incomplete/1/31.sol,results/spec/incomplete/1/31.md,results/spec/incomplete/1/31.txt,contracts/1/specs/complexity.spec,29-36,,,Identify arbitrary methods that can succeed instead of always reverting.
1,incomplete,32,SE-1,simpleFrontRunning,NOT_STATED,NOT_STATED,UNSPECIFIED,results/spec/incomplete/1/32.spec,results/spec/incomplete/1/32.sol,results/spec/incomplete/1/32.md,results/spec/incomplete/1/32.txt,contracts/1/specs/complexity.spec,45-64,,,Detect an invocation whose success can be invalidated by another caller executing first.
1,incomplete,33,S5-3,privilegedOperation,NOT_STATED,NOT_STATED,UNSPECIFIED,results/spec/incomplete/1/33.spec,results/spec/incomplete/1/33.sol,results/spec/incomplete/1/33.md,results/spec/incomplete/1/33.txt,contracts/1/specs/complexity.spec,76-94,,,Detect an operation that can succeed for both a privileged and a different unprivileged caller.
1,incomplete,34,S3-2,whoChangedBalanceOf,NOT_STATED,NOT_STATED,UNSPECIFIED,results/spec/incomplete/1/34.spec,results/spec/incomplete/1/34.sol,results/spec/incomplete/1/34.md,results/spec/incomplete/1/34.txt,contracts/1/specs/erc20.spec; contracts/1/specs/complexity.spec,7 | 96-103,,,Detect an unexpected ERC20 balanceOf change caused by an arbitrary method call.
